"sensor","year","month","mean_albedo","n_obs","sd_albedo","date","mean_temp","total_precip","total_snowfall","mean_radiation","total_pdd","n_days","season_sin","season_cos","day_of_year","time_trend","temp_anomaly","precip_anomaly","snow_anomaly","rad_anomaly","temp_lag1","precip_lag1","snow_lag1","rad_lag1","temp_cum3","precip_cum3","snow_cum3","rad_cum3"
"VIIRS",2012,3,0.322389380169997,31,0.0193452781021945,2012-03-01,2.00631321448546,1562.24216901972,134.240844357265,1495.47578437004,64.2125675128127,31,1,6.12323399573677e-17,61,0.164271047227926,1.95545783501998,295.220765973366,-357.032626749335,-545.88468328959,2.49148156375708,1213.19774925064,21.2856434929199,3148.1391602994,2.21235034761584,3594.77296657357,211.140395134809,2910.94148756618
"VIIRS",2012,4,0.297186165136675,30,0.0197706607644102,2012-04-01,1.44330968395887,837.275850704984,110.43126984398,1245.55321507627,48.5622202117322,30,0.866025403784439,-0.5,92,0.249144421629021,1.3924543044934,-429.745552341373,-380.84220126262,-795.807252583355,2.00631321448546,1562.24216901972,134.240844357265,1495.47578437004,1.98036815406713,3612.71576897534,265.957757694164,1963.05605324857
"VIIRS",2012,5,0.27440333567141,31,0.0186411220593935,2012-05-01,0.0438201511939096,1555.20516788922,685.395181246168,628.431691423216,22.7363541240585,31,0.5,-0.866025403784439,122,0.331279945242984,-0.00703522827156457,288.183764842868,194.121710139569,-1412.92877623641,1.44330968395887,837.275850704984,110.43126984398,1245.55321507627,1.16448101654608,3954.72318761393,930.067295447413,1123.15356362318
"VIIRS",2012,6,0.313602263930176,25,0.0808428588809926,2012-06-01,-0.894317295888575,1947.07941563156,992.290455289513,399.437700970814,14.989666497857,30,1.22464679914735e-16,-1,153,0.416153319644079,-0.945172675354049,680.058012585205,501.016984182913,-1641.92276668881,0.0438201511939096,1555.20516788922,685.395181246168,628.431691423216,0.197604179754735,4339.56043422577,1788.11690637966,757.807535823434
"VIIRS",2012,7,0.255577856238096,31,0.0416548972052477,2012-07-01,-1.24231435173643,1390.23292288938,671.828885763475,495.968144415608,18.2480021538461,31,-0.5,-0.866025403784439,183,0.498288843258042,-1.29316973120191,123.211519843025,180.555414656875,-1545.39232324402,-0.894317295888575,1947.07941563156,992.290455289513,399.437700970814,-0.697603832143699,4892.51750641017,2349.51452229916,507.945845603212
"VIIRS",2012,8,0.347676038832248,31,0.0506224821582225,2012-08-01,-1.45170904727017,1760.30768651719,1007.25196543855,931.930118404611,10.2473116739835,31,-0.866025403784438,-0.5,214,0.583162217659138,-1.50256442673564,493.286283470828,515.978494331953,-1109.43034925502,-1.24231435173643,1390.23292288938,671.828885763475,495.968144415608,-1.19611356496506,5097.62002503813,2671.37130649154,609.111987930344
"VIIRS",2012,9,0.374971346170951,30,0.0658029174243372,2012-09-01,-2.42792584343665,1655.68016485467,1049.87838982481,1669.70112574702,6.54624472952161,30,-1,-1.83697019872103e-16,245,0.668035592060233,-2.47878122290212,388.658761808312,558.604918718208,-371.659341912605,-1.45170904727017,1760.30768651719,1007.25196543855,931.930118404611,-1.70731641414775,4806.22077426124,2728.95924102684,1032.53312952241
"VIIRS",2012,10,0.390266728744373,31,0.0390818259519515,2012-10-01,-1.25066058298685,1635.29933429631,887.065601172811,2755.46061090875,12.0264723442713,31,-0.866025403784439,0.5,275,0.750171115674196,-1.30151596245232,368.277931249949,395.792130066212,714.100143249117,-2.42792584343665,1655.68016485467,1049.87838982481,1669.70112574702,-1.71009849123122,5051.28718566816,2944.19595643617,1785.69728502013
"VIIRS",2012,11,0.425091346161553,30,0.0111919209733319,2012-11-01,-0.920449475383768,1183.34971852462,521.129546503692,3908.24131043154,13.1304799935163,30,-0.5,0.866025403784438,306,0.835044490075291,-0.971304854849242,-83.6716845217379,29.8560753970929,1866.88084277191,-1.25066058298685,1635.29933429631,887.065601172811,2755.46061090875,-1.53301196726909,4474.3292176756,2458.07353750131,2777.80101569577
"VIIRS",2012,12,0.439659332823024,31,0.0137931518362498,2012-12-01,0.808544826657614,943.667848373133,335.742864401055,4414.71054406341,29.7956155885013,31,-2.44929359829471e-16,1,336,0.917180013689254,0.75768944719214,-323.353554673224,-155.530606705545,2373.35007640378,-0.920449475383768,1183.34971852462,521.129546503692,3908.24131043154,-0.454188410571001,3762.31690119406,1743.93801207756,3692.80415513457
"VIIRS",2013,1,0.381496227943105,31,0.0125888213867868,2013-01-01,2.34543866636235,957.07114888427,0.862806615856949,4210.2170053003,72.7085986572329,31,0.5,0.866025403784439,1,1.00205338809035,2.29458328689688,-309.950254162087,-490.410664490743,2168.85653764067,0.808544826657614,943.667848373133,335.742864401055,4414.71054406341,0.744511339212066,3084.08871578202,857.735217520604,4177.72295326508
"VIIRS",2013,2,0.345331775011245,28,0.0141988761102123,2013-02-01,2.50336772329917,1403.80711325161,18.0050501288726,2549.68672755403,70.6295589148442,28,0.866025403784439,0.5,32,1.08692676249144,2.45251234383369,136.78571020525,-473.268420977727,508.326259894405,2.34543866636235,957.07114888427,0.862806615856949,4210.2170053003,1.88578373877305,3304.54611050901,354.610721145784,3724.87142563925
"VIIRS",2013,3,0.309036746866188,31,0.0219679896891615,2013-03-01,2.95456605623341,1515.54944353958,18.9189342101275,1454.80248441484,91.5915477432356,31,1,6.12323399573677e-17,60,1.16358658453114,2.90371067676793,248.528040493227,-472.354536896472,-586.557983244788,2.50336772329917,1403.80711325161,18.0050501288726,2549.68672755403,2.60112414863164,3876.42770567546,37.7867909548564,2738.23540575639
"VIIRS",2013,4,0.305241055075571,30,0.0218238567714684,2013-04-01,1.25191556986702,1363.77755794331,243.78430235806,1059.90512072937,46.0828311308687,30,0.866025403784439,-0.5,91,1.24845995893224,1.20106019040155,96.7561548969504,-247.48916874854,-981.455346930259,2.95456605623341,1515.54944353958,18.9189342101275,1454.80248441484,2.23661644979986,4283.1341147345,280.708286697059,1688.13144423275
"VIIRS",2013,5,0.262421954507078,31,0.0221834654793541,2013-05-01,-0.594549933315538,1340.84212893919,648.079473094023,659.994318391193,18.3546882557885,31,0.5,-0.866025403784439,121,1.3305954825462,-0.645405312781013,73.8207258928346,156.806001987423,-1381.36614926843,1.25191556986702,1363.77755794331,243.78430235806,1059.90512072937,1.2039772309283,4220.16913042208,910.782709662209,1058.2339745118
"VIIRS",2013,6,0.315244331551492,30,0.0291627572795881,2013-06-01,-1.75482621869214,1583.16361089131,1126.79521585536,393.514754192719,5.52953978007932,30,1.22464679914735e-16,-1,152,1.4154688569473,-1.80568159815761,316.142207844953,635.521744748764,-1647.84571346691,-0.594549933315538,1340.84212893919,648.079473094023,659.994318391193,-0.365820194046886,4287.78329777381,2018.65899130744,704.471397771094
"VIIRS",2013,7,0.296496090787754,31,0.0421251198171898,2013-07-01,-1.56519529197526,1254.53300304132,774.275065005414,508.851722205669,9.71488366147723,31,-0.5,-0.866025403784439,182,1.49760438056126,-1.61605067144073,-12.4884000050374,283.001593898815,-1532.50874545396,-1.75482621869214,1583.16361089131,1126.79521585536,393.514754192719,-1.30485714799431,4178.53874287182,2549.1497539548,520.786931596527
"VIIRS",2013,8,0.360552681744251,31,0.0389902322170236,2013-08-01,-2.5217349880597,1437.77344977818,1158.27583935629,945.974999584485,6.9407059386781,31,-0.866025403784438,-0.5,213,1.58247775496235,-2.57259036752518,170.752046731827,667.002368249692,-1095.38546807514,-1.56519529197526,1254.53300304132,774.275065005414,508.851722205669,-1.94725216624237,4275.47006371081,3059.34612021707,616.113825327624
"VIIRS",2013,9,0.385300303659346,30,0.0280399993989922,2013-09-01,-2.85097090712737,1203.77815972069,906.688492372461,1933.2046553897,2.9208277052398,30,-1,-1.83697019872103e-16,244,1.66735112936345,-2.90182628659285,-63.2432433256656,415.415021265861,-108.155812269925,-2.5217349880597,1437.77344977818,1158.27583935629,945.974999584485,-2.31263372905411,3896.0846125402,2839.23939673417,1129.34379239329
"VIIRS",2013,10,0.443395342922516,31,0.0210583935388996,2013-10-01,-2.06910556082596,1131.72020868184,857.878865607088,2787.97572526706,1.04356945957919,31,-0.866025403784439,0.5,274,1.74948665297741,-2.11996094029143,-135.301194364513,366.605394500489,746.615257607431,-2.85097090712737,1203.77815972069,906.688492372461,1933.2046553897,-2.48060381867101,3773.27181818072,2922.84319733584,1889.05179341375
"VIIRS",2013,11,0.399188594855997,30,0.0246616809633126,2013-11-01,-0.687918627857417,921.423414346333,497.550227748359,3732.17968744763,9.01507457043036,30,-0.5,0.866025403784438,305,1.83436002737851,-0.738774007322891,-345.597988700024,6.27675664175899,1690.819219788,-2.06910556082596,1131.72020868184,857.878865607088,2787.97572526706,-1.86933169860358,3256.92178274887,2262.11758572791,2817.78668936813
"VIIRS",2013,12,0.389679103516191,31,0.0303666390833137,2013-12-01,1.18002790459952,705.19477968556,135.17362403971,4106.5488230871,43.4615999583446,31,-2.44929359829471e-16,1,335,1.91649555099247,1.12917252513405,-561.826623360797,-356.09984706689,2065.18835542747,-0.687918627857417,921.423414346333,497.550227748359,3732.17968744763,-0.52566542802795,2758.33840271374,1490.60271739516,3542.23474526726
"VIIRS",2014,1,0.393406923736182,31,0.0459628888936904,2014-01-01,0.743258290620016,1011.32180388464,193.994350424839,4098.51964102311,32.9057697945404,31,0.5,0.866025403784439,1,2.00136892539357,0.692402911154542,-255.699599161716,-297.279120681761,2057.15917336348,1.18002790459952,705.19477968556,135.17362403971,4106.5488230871,0.411789189120707,2637.93999791654,826.718202212907,3979.08271718595
"VIIRS",2014,2,0.381253187713343,28,0.0134658381897181,2014-02-01,2.34352839065623,1289.31685885503,7.14055416152143,2793.08699255043,65.8519891436278,28,0.866025403784439,0.5,32,2.08624229979466,2.29267301119076,22.2954558086763,-484.132916945078,751.726524890805,0.743258290620016,1011.32180388464,193.994350424839,4098.51964102311,1.42227152862526,3005.83344242524,336.308528626069,3666.05181888688
"VIIRS",2014,3,0.319464410928829,31,0.0247700193357442,2014-03-01,2.3334466358137,1021.73993995686,98.2954657008423,1594.10601267588,73.5060094901316,31,1,6.12323399573677e-17,60,2.16290212183436,2.28259125634823,-245.281463089499,-392.978005405757,-447.254454983744,2.34352839065623,1289.31685885503,7.14055416152143,2793.08699255043,1.80674443902998,3322.37860269653,299.430370287202,2828.57088208314
"VIIRS",2014,4,0.300953002951456,30,0.0301989718790682,2014-04-01,0.654050798431135,1382.18399762219,472.390609920372,1181.98822867599,29.4348135634077,30,0.866025403784439,-0.5,91,2.24777549623546,0.603195418965661,115.162594575833,-18.8828611862279,-859.372238983635,2.3334466358137,1021.73993995686,98.2954657008423,1594.10601267588,1.77700860830036,3693.24079643408,577.826629782735,1856.3937446341
"VIIRS",2014,5,0.286538274260018,31,0.0536890158220827,2014-05-01,-1.44604700766664,1254.07048562685,776.00408807808,695.184840609475,7.73070756266588,31,0.5,-0.866025403784439,121,2.32991101984942,-1.49690238713212,-12.9509174195107,284.730616971481,-1346.17562705015,0.654050798431135,1382.18399762219,472.390609920372,1181.98822867599,0.513816808859398,3657.9944232059,1346.69016369929,1157.09302732045
"VIIRS",2014,6,0.288363793400511,30,0.0288905547284639,2014-06-01,-0.955365656630906,1266.43412159329,664.938359119293,400.68275671266,12.4629299197754,30,1.22464679914735e-16,-1,152,2.41478439425051,-1.00622103609638,-0.587281453071455,173.664888012693,-1640.67771094697,-1.44604700766664,1254.07048562685,776.00408807808,695.184840609475,-0.582453955288804,3902.68860484232,1913.33305711774,759.28527533271
"VIIRS",2014,7,0.302843135420496,31,0.0188469634117243,2014-07-01,-2.59832177675598,1649.74763586885,1208.11281034513,540.288198452866,3.81711991588988,31,-0.5,-0.866025403784439,182,2.49691991786448,-2.64917715622145,382.72623282249,716.83933923853,-1501.07226920676,-0.955365656630906,1266.43412159329,664.938359119293,400.68275671266,-1.66657814701784,4170.25224308898,2649.0552575425,545.385265258334
"VIIRS",2014,8,0.355993193343167,31,0.030220207378077,2014-08-01,-4.74030721537035,1282.13199941988,1172.19270049732,1074.84172473091,0.721625894684752,31,-0.866025403784438,-0.5,213,2.58179329226557,-4.79116259483582,15.1105963735201,680.919229390722,-966.518742928718,-2.59832177675598,1649.74763586885,1208.11281034513,540.288198452866,-2.76466488291908,4198.31375688201,3045.24386996174,671.937559965479
"VIIRS",2014,9,0.398051205356904,30,0.0207980719892153,2014-09-01,-4.18207358488252,1150.78333369418,997.461784550596,1875.5335270548,2.55306612126131,30,-1,-1.83697019872103e-16,244,2.66666666666667,-4.232928964348,-116.238069352176,506.188313443996,-165.826940604833,-4.74030721537035,1282.13199941988,1172.19270049732,1074.84172473091,-3.84023419233628,4082.66296898291,3377.76729539305,1163.55448341286
"VIIRS",2014,10,0.42848463243436,31,0.0245800723534494,2014-10-01,-3.20426723368793,1100.49075000637,959.840036660392,2856.1146396291,0,31,-0.866025403784439,0.5,274,2.74880219028063,-3.2551226131534,-166.530653039989,468.566565553793,814.754171969477,-4.18207358488252,1150.78333369418,997.461784550596,1875.5335270548,-4.0422160113136,3533.40608312043,3129.49452170831,1935.4966304716
"VIIRS",2014,11,0.437273309953868,30,0.0128459908976287,2014-11-01,-1.86859142802504,901.953147977474,511.580556369897,3964.90954646015,4.82255473263135,30,-0.5,0.866025403784438,305,2.83367556468172,-1.91944680749052,-365.068255068883,20.3070852632976,1923.54907880052,-3.20426723368793,1100.49075000637,959.840036660392,2856.1146396291,-3.08497741553183,3153.22723167802,2468.88237758089,2898.85257104802
"VIIRS",2014,12,0.362756233182178,31,0.047575863917181,2014-12-01,0.733881505949261,1679.35977165019,194.139128510919,3856.83765049483,35.2990699574559,31,-2.44929359829471e-16,1,335,2.91581108829569,0.683026126483787,412.338368603828,-297.134342595681,1815.4771828352,-1.86859142802504,901.953147977474,511.580556369897,3964.90954646015,-1.4463257185879,3681.80366963403,1665.55972154121,3559.28727886136
"VIIRS",2015,1,0.362858041670249,31,0.0201520114358353,2015-01-01,1.37466386327375,1257.35132906839,257.021086458594,3593.28245921491,45.1696918071969,31,0.5,0.866025403784439,1,3.00068446269678,1.32380848380828,-9.67007397796988,-234.252384648006,1551.92199155528,0.733881505949261,1679.35977165019,194.139128510919,3856.83765049483,0.0799846470659897,3838.66424869605,962.740771339409,3805.00988538996
"VIIRS",2015,2,0.370497004867856,28,0.00859468558368439,2015-02-01,1.79148448539655,797.894613088916,71.1819764774184,3088.05215914454,50.5873131431538,28,0.866025403784439,0.5,32,3.08555783709788,1.74062910593107,-469.126789957441,-420.091494629181,1046.69169148492,1.37466386327375,1257.35132906839,257.021086458594,3593.28245921491,1.30000995153985,3734.60571380749,522.342191446931,3512.72408961809
"VIIRS",2015,3,0.325218474501579,31,0.0137687964277906,2015-03-01,2.13013206483673,981.02064905015,27.0426883315126,1533.46675993337,66.0340940099386,31,1,6.12323399573677e-17,60,3.16221765913758,2.07927668537125,-286.000753996206,-464.230782775087,-507.893707726262,1.79148448539655,797.894613088916,71.1819764774184,3088.05215914454,1.76542680450234,3036.26659120746,355.245751267524,2738.26712609761
"VIIRS",2015,4,0.26838723377385,30,0.0422329390082004,2015-04-01,0.331760496076129,1222.63301143472,323.912441321564,1187.52401317951,30.2779390277175,30,0.866025403784439,-0.5,91,3.24709103353867,0.280905116610655,-44.3883916116351,-167.361029785036,-853.836454480115,2.13013206483673,981.02064905015,27.0426883315126,1533.46675993337,1.4177923487698,3001.54827357379,422.137106130494,1936.34764408581
"VIIRS",2015,5,0.250292309973919,31,0.0500200928312838,2015-05-01,1.24857437000835,1411.06559389703,242.25577020212,539.629403155957,48.5957321037135,31,0.5,-0.866025403784439,121,3.32922655715264,1.19771899054287,144.044190850673,-249.017700904479,-1501.73106450367,0.331760496076129,1222.63301143472,323.912441321564,1187.52401317951,1.23682231030707,3614.7192543819,593.210899855196,1086.87339208961
"VIIRS",2015,6,0.282775140629163,30,0.0747341937475666,2015-06-01,-2.49796419839472,1696.93346127906,1136.27943629635,433.015656876008,1.03580849772828,30,1.22464679914735e-16,-1,152,3.41409993155373,-2.5488195778602,429.912058232706,645.005965189754,-1608.34481078362,1.24857437000835,1411.06559389703,242.25577020212,539.629403155957,-0.305876444103415,4330.63206661082,1702.44764782004,720.05635773716
"VIIRS",2015,7,0.332259053744329,31,0.0492593100199456,2015-07-01,-1.81734666537233,1091.65328633474,752.301536582829,518.522130432925,5.32541742999199,31,-0.5,-0.866025403784439,182,3.49623545516769,-1.8682020448378,-175.368116711617,261.028065476229,-1522.8383372267,-2.49796419839472,1696.93346127906,1136.27943629635,433.015656876008,-1.02224549791957,4199.65234151083,2130.8367430813,497.055730154964
"VIIRS",2015,8,0.316414901510326,31,0.0190931976549266,2015-08-01,-1.32945031891107,1638.08136571399,900.135164832082,902.717419792613,11.962730990175,31,-0.866025403784438,-0.5,213,3.58110882956879,-1.38030569837654,371.059962667629,408.861693725483,-1138.64304786701,-1.81734666537233,1091.65328633474,752.301536582829,518.522130432925,-1.88158706089271,4426.66811332779,2788.71613771126,618.085069033849
"VIIRS",2015,9,0.393784671968932,30,0.0188691341445669,2015-09-01,-2.81498112367496,1275.32146516452,1036.35818344343,1746.79881759565,1.29293758832262,30,-1,-1.83697019872103e-16,244,3.66598220396988,-2.86583650314043,8.30006211816271,545.084712336834,-294.561650063977,-1.32945031891107,1638.08136571399,900.135164832082,902.717419792613,-1.98725936931945,4005.05611721325,2688.79488485834,1056.01278927373
"VIIRS",2015,10,0.428691796227153,31,0.0240429419269291,2015-10-01,-2.86321375013288,1383.58205403484,1206.16003631063,2857.24725065358,0,31,-0.866025403784439,0.5,274,3.74811772758385,-2.91406912959835,116.560650988482,714.886565204026,815.886782993956,-2.81498112367496,1275.32146516452,1036.35818344343,1746.79881759565,-2.3358817309063,4296.98488491335,3142.65338458614,1835.58782934728
"VIIRS",2015,11,0.412531280809291,30,0.027457827927389,2015-11-01,-1.22851732004437,1303.93182087127,459.270423692593,4119.70094083192,19.878377195983,30,-0.5,0.866025403784438,305,3.83299110198494,-1.27937269950984,36.9104178249145,-32.0030474140063,2078.34047317229,-2.86321375013288,1383.58205403484,1206.16003631063,2857.24725065358,-2.30223739795073,3962.83534007063,2701.78864344665,2907.91566969372
"VIIRS",2015,12,0.412829371507118,31,0.0194801014815007,2015-12-01,0.432819847936661,992.102632226749,277.116016089543,4302.87347103698,25.0988238207327,31,-2.44929359829471e-16,1,335,3.9151266255989,0.381964468471187,-274.918770819608,-214.157455017057,2261.51300337735,-1.22851732004437,1303.93182087127,459.270423692593,4119.70094083192,-1.21963707408019,3679.61650713286,1942.54647609276,3759.94055417416
"VIIRS",2016,1,0.371119362984989,31,0.0167657204643009,2016-01-01,2.043714624901,1242.9420916013,167.691790119642,3691.45428154267,64.5868722834694,31,0.5,0.866025403784439,1,4,1.99285924543553,-24.0793114450546,-323.581680986957,1650.09381388304,0.432819847936661,992.102632226749,277.116016089543,4302.87347103698,0.416005717597767,3538.97654469933,904.078229901778,4038.00956447052
"VIIRS",2016,2,0.341896171204448,29,0.0317022939942172,2016-02-01,2.53035322976211,655.910588012516,46.0175351714439,2735.19745981333,73.6995142074856,29,0.866025403784439,0.5,32,4.0848733744011,2.47949785029664,-611.110815033841,-445.255935935156,693.8369921537,2.043714624901,1242.9420916013,167.691790119642,3691.45428154267,1.66896256753326,2890.95531184057,490.825341380628,3576.50840413099
"VIIRS",2016,3,0.293753325630822,31,0.0357507433661157,2016-03-01,2.2247465497042,781.943147165698,15.356533045779,1619.75128867919,69.8000221267153,31,1,6.12323399573677e-17,61,4.16427104722793,2.17389117023873,-485.078255880659,-475.916938060821,-421.609178980434,2.53035322976211,655.910588012516,46.0175351714439,2735.19745981333,2.26627146812244,2680.79582677952,229.065858336864,2682.13434334506
"VIIRS",2016,4,0.312730802864268,30,0.0301463058759362,2016-04-01,2.00686357051941,1387.66345740273,112.286014910094,1076.0062950583,65.6987704608724,30,0.866025403784439,-0.5,92,4.24914442162902,1.95600819105393,120.642054356373,-378.987456196505,-965.354172601325,2.2247465497042,781.943147165698,15.356533045779,1619.75128867919,2.25398778332858,2825.51719258095,173.660083127317,1810.31834785028
"VIIRS",2016,5,0.241949764137516,31,0.0405491769180493,2016-05-01,-1.38288139301864,1555.5315412309,929.941001358797,668.042502488142,10.7095138496271,31,0.5,-0.866025403784439,122,4.33127994524298,-1.43373677248411,288.510138184545,438.667530252197,-1373.31796517149,2.00686357051941,1387.66345740273,112.286014910094,1076.0062950583,0.949576242401659,3725.13814579933,1057.58354931467,1121.26669540855
"VIIRS",2016,6,0.168068779804282,30,0.0635476945700003,2016-06-01,-0.423436710498585,1380.94357592392,627.310321484132,412.578288690827,13.851317119014,30,1.22464679914735e-16,-1,153,4.41615331964408,-0.474292089964059,113.922172877566,136.036850377532,-1628.7821789688,-1.38288139301864,1555.5315412309,929.941001358797,668.042502488142,0.0668484890007292,4324.13857455756,1669.53733775302,718.875695412424
"VIIRS",2016,7,0.297368418777734,31,0.0583439850165786,2016-07-01,-0.832983314161143,1397.78293801683,820.592082156277,517.512687268761,22.3837904945706,31,-0.5,-0.866025403784439,183,4.49828884325804,-0.883838693626617,130.76153497047,329.318611049677,-1523.84778039087,-0.423436710498585,1380.94357592392,627.310321484132,412.578288690827,-0.879767139226121,4334.25805517165,2377.8434049992,532.711159482577
"VIIRS",2016,8,0.341691106157986,31,0.0330638276423325,2016-08-01,-2.50949152540785,1443.52894670659,1078.73527743122,1068.7558398435,5.80752585522735,31,-0.866025403784438,-0.5,214,4.58316221765914,-2.56034690487332,176.507543660236,587.461806324623,-972.604627816132,-0.832983314161143,1397.78293801683,820.592082156277,517.512687268761,-1.25530385002252,4222.25546064734,2526.63768107163,666.282271934362
"VIIRS",2016,9,0.337854691569744,30,0.0287447606463601,2016-09-01,-1.34688771603806,1281.03971223217,609.164895820752,1554.87838607381,7.34735138539961,30,-1,-1.83697019872103e-16,245,4.66803559206023,-1.39774309550353,14.0183091858091,117.891424714152,-486.482081585816,-2.50949152540785,1443.52894670659,1078.73527743122,1068.7558398435,-1.56312085186901,4122.35159695559,2508.49225540825,1047.04897106202
"VIIRS",2016,10,0.387029126175752,31,0.00961194490741411,2016-10-01,-0.542666530120005,1250.7861580206,534.706729182275,2587.19143986481,20.5728516612062,31,-0.866025403784439,0.5,275,4.7501711156742,-0.59352190958548,-16.2352450257581,43.4332580756754,545.830972205183,-1.34688771603806,1281.03971223217,609.164895820752,1554.87838607381,-1.46634859052197,3975.35481695936,2222.60690243425,1736.94188859404
"VIIRS",2016,11,0.405243227168251,30,0.0155303426601908,2016-11-01,0.0914883885674554,1093.12747306188,246.248953093124,4070.06875579782,16.1926914244147,30,-0.5,0.866025403784438,306,4.83504449007529,0.0406330091019812,-173.893929984477,-245.024518013476,2028.7082881382,-0.542666530120005,1250.7861580206,534.706729182275,2587.19143986481,-0.599355285863535,3624.95334331465,1390.12057809615,2737.37952724548
"VIIRS",2016,12,0.338944383477595,31,0.0646715069936367,2016-12-01,1.12997447924717,1268.8362992206,271.925917014605,4229.93185874683,36.2326226078449,31,-2.44929359829471e-16,1,336,4.91718001368925,1.07911909978169,1.81489617424563,-219.347554091995,2188.57139108721,0.0914883885674554,1093.12747306188,246.248953093124,4070.06875579782,0.226265445898206,3612.74993030308,1052.88159929,3629.06401813649
"VIIRS",2017,1,0.405972209037681,31,0.0174265361599237,2017-01-01,1.98392240634616,981.014052358271,73.1151575484025,3889.4433491697,61.501594596731,31,0.5,0.866025403784439,1,5.00205338809035,1.93306702688069,-286.007350688085,-418.158313558197,1848.08288151007,1.12997447924717,1268.8362992206,271.925917014605,4229.93185874683,1.0684617580536,3342.97782464076,591.29002765613,4063.14798790479
"VIIRS",2017,2,0.359659495633832,28,0.0209858677428486,2017-02-01,3.26384080294861,1212.9419393896,288.547453832057,2823.12006484202,91.387542482561,28,0.866025403784439,0.5,32,5.08692676249144,3.21298542348313,-54.0794636567532,-202.726017274543,781.759597182395,1.98392240634616,981.014052358271,73.1151575484025,3889.4433491697,2.12591256284731,3462.79229096848,633.588528395063,3647.49842425285
"VIIRS",2017,3,0.322015945194532,31,0.0296365237665637,2017-03-01,2.29828619235209,1317.75522831476,53.4314124012391,1771.46450742107,74.1913258612451,31,1,6.12323399573677e-17,60,5.16358658453114,2.24743081288662,50.7338252684026,-437.84205870536,-269.895960238561,3.26384080294861,1212.9419393896,288.547453832057,2823.12006484202,2.51534980054895,3511.71122006264,415.094023781697,2828.00930714426
"VIIRS",2017,4,0.322163361106449,30,0.0119162826193066,2017-04-01,1.25606468009125,1369.72871975802,143.897075329785,1302.10683224723,45.5484475576496,30,0.866025403784439,-0.5,91,5.24845995893224,1.20520930062577,102.707316711663,-347.376395776815,-739.253635412396,2.29828619235209,1317.75522831476,53.4314124012391,1771.46450742107,2.27273055846398,3900.42588746239,485.875941563079,1965.56380150344
"VIIRS",2017,5,0.256783874471478,31,0.0544272152221579,2017-05-01,-0.215540245295537,1496.495464181,587.571472356987,654.232648994827,23.2808463403715,31,0.5,-0.866025403784439,121,5.3305954825462,-0.266395624761012,229.474061134644,96.2980012503875,-1387.1278186648,1.25606468009125,1369.72871975802,143.897075329785,1302.10683224723,1.11293687571593,4183.97941225378,784.89996008801,1242.60132955438
"VIIRS",2017,6,0.326318469407706,30,0.0688314223205623,2017-06-01,-0.316816200503852,1360.52265018268,697.390967955103,387.030640313828,23.4077779960373,30,1.22464679914735e-16,-1,152,5.4154688569473,-0.367671579969326,93.5012471363223,206.117496848504,-1654.3298273458,-0.215540245295537,1496.495464181,587.571472356987,654.232648994827,0.241236078097286,4226.7468341217,1428.85951564187,781.123373851963
"VIIRS",2017,7,0.295437323862822,31,0.0237503040531799,2017-07-01,-0.57649385692057,1523.17157467905,733.043512641757,465.432314796307,12.0000909950443,31,-0.5,-0.866025403784439,182,5.49760438056126,-0.627349236386044,256.150171632692,241.770041535157,-1575.92815286332,-0.316816200503852,1360.52265018268,697.390967955103,387.030640313828,-0.369616767573319,4380.18968904273,2018.00595295385,502.231868034988
"VIIRS",2017,8,0.343988010421992,31,0.0531458466637214,2017-08-01,-0.56042706505253,1181.28615556184,452.967415337336,939.992848744863,18.0087696820929,31,-0.866025403784438,-0.5,213,5.58247775496235,-0.611282444518004,-85.7352474845159,-38.306055769264,-1101.36761891476,-0.57649385692057,1523.17157467905,733.043512641757,465.432314796307,-0.48457904082565,4064.98038042357,1883.40189593419,597.485267951667
"VIIRS",2017,9,0.380532014578462,30,0.0294057861651604,2017-09-01,-1.27521295014673,1233.25120544384,756.475830234682,1836.56603046755,12.5613622619866,30,-1,-1.83697019872103e-16,244,5.66735112936345,-1.3260683296122,-33.7701976025198,265.202359128082,-204.794437192078,-0.56042706505253,1181.28615556184,452.967415337336,939.992848744863,-0.804044624039943,3937.70893568473,1942.48675821377,1080.66373133624
"VIIRS",2017,10,0.401856440132402,31,0.0264927039423636,2017-10-01,-1.04218582503634,1065.48430244865,440.302660825664,2948.34360523029,10.506094396751,31,-0.866025403784439,0.5,274,5.74948665297741,-1.09304120450181,-201.537100597707,-50.9708102809356,906.983137570665,-1.27521295014673,1233.25120544384,756.475830234682,1836.56603046755,-0.959275280078533,3480.02166345433,1649.74590639768,1908.30082814757
"VIIRS",2017,11,0.443059690254286,30,0.0185364633993609,2017-11-01,-0.481671659206187,826.825318421556,441.533103650353,4342.14295078802,19.7413890976735,30,-0.5,0.866025403784438,305,5.83436002737851,-0.532527038671661,-440.196084624801,-49.740367456247,2300.78248312839,-1.04218582503634,1065.48430244865,440.302660825664,2948.34360523029,-0.933023478129752,3125.56082631404,1638.3115947107,3042.35086216195
"VIIRS",2017,12,0.380792712704861,31,0.0107666812511433,2017-12-01,1.80792370490868,1189.91412360804,26.1285992210813,4240.87042239151,58.2156526422758,31,-2.44929359829471e-16,1,335,5.91649555099247,1.75706832544321,-77.1072794383174,-465.144871885518,2199.50995473189,-0.481671659206187,826.825318421556,441.533103650353,4342.14295078802,0.0946887402220526,3082.22374447825,907.964363697097,3843.78565946994
"VIIRS",2018,1,0.352338410664662,31,0.0230069373266125,2018-01-01,2.44188246502026,762.141429254293,41.8078074163415,4093.60414855515,75.9772466807258,31,0.5,0.866025403784439,1,6.00136892539357,2.39102708555479,-504.879973792064,-449.465663690258,2052.24368089552,1.80792370490868,1189.91412360804,26.1285992210813,4240.87042239151,1.25604483690759,2778.88087128389,509.469510287774,4225.53917391156
"VIIRS",2018,2,0.318208308984246,28,0.0114911659114406,2018-02-01,3.94106251387145,797.897301058315,33.0956321414278,2679.96124307268,110.349750388401,28,0.866025403784439,0.5,32,6.08624229979466,3.89020713440598,-469.124101988042,-458.177838965172,638.600775413048,2.44188246502026,762.141429254293,41.8078074163415,4093.60414855515,2.7302895612668,2749.95285392065,101.032038778849,3671.47860467311
"VIIRS",2018,3,0.280561351234568,31,0.0394763031183898,2018-03-01,3.40137190765751,1602.47656846201,22.6658805837451,1436.26783697938,105.570012469348,31,1,6.12323399573677e-17,60,6.16290212183436,3.35051652819203,335.455165415657,-468.607590522854,-605.092630680245,3.94106251387145,797.897301058315,33.0956321414278,2679.96124307268,3.26143896218307,3162.51529877462,97.5693201415132,2736.6110762024
"VIIRS",2018,4,0.296879052317655,30,0.0276553781526086,2018-04-01,1.02014658325498,1329.43766902582,183.486863539149,1207.99353439603,39.428390865572,30,0.866025403784439,-0.5,91,6.24777549623546,0.969291203789503,62.4162659794677,-307.786607567451,-833.3669332636,3.40137190765751,1602.47656846201,22.6658805837451,1436.26783697938,2.78752700159465,3729.81153854616,239.24837626432,1774.7408714827
"VIIRS",2018,5,0.31094050039102,31,0.0434615816787657,2018-05-01,-1.19366731967428,1840.3994708027,793.790846129272,690.468919275633,8.25203701691093,31,0.5,-0.866025403784439,121,6.32991101984942,-1.24452269913976,573.378067756344,302.517375022673,-1350.89154838399,1.02014658325498,1329.43766902582,183.486863539149,1207.99353439603,1.07595039041273,4772.31370829054,999.943590252165,1111.57676355035
"VIIRS",2018,6,0.331050582448868,30,0.043160008113337,2018-06-01,-0.893850905836652,1025.5754769302,481.070614015608,378.264628616793,15.3433163060088,30,1.22464679914735e-16,-1,152,6.41478439425051,-0.944706285302126,-241.445926116158,-10.2028570909914,-1663.09583904283,-1.19366731967428,1840.3994708027,793.790846129272,690.468919275633,-0.355790547418653,4195.41261675873,1458.34832368403,758.909027429485
"VIIRS",2018,7,0.248748100779031,31,0.0513405983672712,2018-07-01,-2.2077890397666,1486.7741466583,1057.32566822502,521.680971552003,7.81661983073825,31,-0.5,-0.866025403784439,182,6.49691991786448,-2.25864441923208,219.752743611945,566.052197118421,-1519.67949610762,-0.893850905836652,1025.5754769302,481.070614015608,378.264628616793,-1.43176908842585,4352.7490943912,2332.1871283699,530.138173148144
"VIIRS",2018,8,0.273005783740926,31,0.0174378160934152,2018-08-01,-1.21360003722464,1612.87248121501,893.482191048288,982.79386093256,11.661003632367,31,-0.866025403784438,-0.5,213,6.58179329226557,-1.26445541669011,345.851078168652,402.208719941688,-1058.56660672707,-2.2077890397666,1486.7741466583,1057.32566822502,521.680971552003,-1.4384133276093,4125.22210480351,2431.87847328892,627.57982036712
"VIIRS",2018,9,0.369646058186677,30,0.0547426684870385,2018-09-01,-1.66798924452301,1457.30256261,1014.87050482539,1682.63764182627,6.60962210695121,30,-1,-1.83697019872103e-16,244,6.66666666666667,-1.71884462398848,190.281159563639,523.597033718785,-358.722825833361,-1.21360003722464,1612.87248121501,893.482191048288,982.79386093256,-1.69645944050475,4556.94919048331,2965.67836409869,1062.37082477028
"VIIRS",2018,10,0.415470550292631,31,0.0477837158093967,2018-10-01,-2.40103759945035,1080.01496821796,779.13210934048,2911.87163621343,4.5605202048947,31,-0.866025403784439,0.5,274,6.74880219028063,-2.45189297891582,-187.006434828396,287.858638233881,870.511168553802,-1.66798924452301,1457.30256261,1014.87050482539,1682.63764182627,-1.760875627066,4150.19001204297,2687.48480521415,1859.10104632409
"VIIRS",2018,11,0.360100463431862,30,0.0116078282441712,2018-11-01,0.277684359706451,1240.97798410443,412.516083544637,3522.04821548644,23.910321517943,30,-0.5,0.866025403784438,305,6.83367556468172,0.226828980240977,-26.0434189419263,-78.7573875619626,1480.68774782681,-2.40103759945035,1080.01496821796,779.13210934048,2911.87163621343,-1.26378082808897,3778.29551493239,2206.5186977105,2705.51916450871
"VIIRS",2018,12,0.363108970330299,31,0.018122298358593,2018-12-01,0.724975647008983,756.788626833759,192.275252828187,4221.35933326356,30.7402173486809,31,-2.44929359829471e-16,1,335,6.91581108829569,0.674120267543509,-510.232776212598,-298.998218278412,2179.99886560394,0.277684359706451,1240.97798410443,412.516083544637,3522.04821548644,-0.466125864244971,3077.78157915615,1383.9234457133,3551.75972832115
"VIIRS",2019,1,0.375422498749803,31,0.0335159699807004,2019-01-01,2.5942089094355,977.218413294465,395.4834541613,3619.52802067444,80.5826330329601,31,0.5,0.866025403784439,1,7.00068446269678,2.54335352997003,-289.802989751892,-95.7900169452995,1578.16755301481,0.724975647008983,756.788626833759,192.275252828187,4221.35933326356,1.19895630538365,2974.98502423266,1000.27479053412,3787.64518980815
"VIIRS",2019,2,0.336015129728652,28,0.034918397289171,2019-02-01,2.72788452200842,1264.24819771518,16.9862157742668,2701.03170436905,76.3807666162357,28,0.866025403784439,0.5,32,7.08555783709788,2.67702914254294,-2.7732053311745,-474.287255332333,659.671236709417,2.5942089094355,977.218413294465,395.4834541613,3619.52802067444,2.01568969281763,2998.25523784341,604.744922763753,3513.97301943568
"VIIRS",2019,3,0.32136642575731,31,0.0343679835392931,2019-03-01,2.7206370989128,1395.62611325458,41.1144643818283,1477.4720228593,84.3397500662967,31,1,6.12323399573677e-17,60,7.16221765913758,2.66978171944732,128.604710208223,-450.159006724771,-563.888444800325,2.72788452200842,1264.24819771518,16.9862157742668,2701.03170436905,2.68091017678557,3637.09272426423,453.584134317394,2599.3439159676
"VIIRS",2019,4,0.287689235944897,30,0.0167833914760636,2019-04-01,1.15605125538908,1559.9894167135,357.418941000018,1226.31912359436,40.96303342493,30,0.866025403784439,-0.5,91,7.24709103353867,1.1051958759236,292.968013667142,-133.854530106581,-815.04134406527,2.7206370989128,1395.62611325458,41.1144643818283,1477.4720228593,2.20152429210343,4219.86372768326,415.519621156113,1801.6076169409
"VIIRS",2019,5,0.305495062609116,31,0.0426855189758328,2019-05-01,-0.250435452325307,1774.05032277668,971.959168355554,669.179445315211,21.7005828608377,31,0.5,-0.866025403784439,121,7.32922655715264,-0.301290831790781,507.02891973032,480.685697248954,-1372.18102234442,1.15605125538908,1559.9894167135,357.418941000018,1226.31912359436,1.20875096732552,4729.66585274476,1370.4925737374,1124.32353058962
"VIIRS",2019,6,0.293688094256779,30,0.0627123654163443,2019-06-01,0.0980227530879454,1543.77882610255,391.836273780259,316.060459092988,27.0181863707375,30,1.22464679914735e-16,-1,152,7.41409993155373,0.0471673736224712,276.75742305619,-99.4371973263405,-1725.30000856664,-0.250435452325307,1774.05032277668,971.959168355554,669.179445315211,0.334546185383906,4877.81856559272,1721.21438313583,737.18634266752
"VIIRS",2019,7,0.279213467526207,31,0.0291777791819203,2019-07-01,-2.06660524661218,1765.5667517142,1292.41599600541,501.438007094943,5.09774274065897,31,-0.5,-0.866025403784439,182,7.49623545516769,-2.11746062607765,498.545348667839,801.142524898815,-1539.92246056469,0.0980227530879454,1543.77882610255,391.836273780259,316.060459092988,-0.739672648616513,5083.39590059342,2656.21143814123,495.559303834382
"VIIRS",2019,8,0.314389196744274,31,0.0642816843747966,2019-08-01,-2.11972830869242,2124.69905816918,1227.71907001773,965.359121235595,4.32093635629753,31,-0.866025403784438,-0.5,213,7.58110882956879,-2.1705836881579,857.677655122824,736.44559891113,-1076.00134642403,-2.06660524661218,1765.5667517142,1292.41599600541,501.438007094943,-1.36277026740555,5434.04463598592,2911.9713398034,594.285862474509
"VIIRS",2019,9,0.384456223242678,30,0.0290528871855383,2019-09-01,-3.25775431628641,1535.54048434615,1155.56010632827,1845.54521728247,1.23646219065971,30,-1,-1.83697019872103e-16,244,7.66598220396988,-3.30860969575188,268.519081299796,664.286635221667,-195.815250377157,-2.11972830869242,2124.69905816918,1227.71907001773,965.359121235595,-2.48136262386367,5425.80629422953,3675.69517235141,1104.11411520434
"VIIRS",2019,10,0.425282146360123,31,0.0184627358480385,2019-10-01,-0.709569711596665,1217.79895671372,609.81178175879,2483.69272554468,13.2529995121978,31,-0.866025403784439,0.5,274,7.74811772758385,-0.760425091062139,-49.2224463326354,118.53831065219,442.332257885053,-3.25775431628641,1535.54048434615,1155.56010632827,1845.54521728247,-2.02901744552516,4878.03849922906,2993.09095810478,1764.86568802092
"VIIRS",2019,11,0.400302853645355,30,0.0442076135023167,2019-11-01,-0.687573221951572,1245.01178447976,586.731902706473,4111.37305933898,8.41562958969311,30,-0.5,0.866025403784438,305,7.83299110198494,-0.738428601417046,-22.0096185665975,95.4584315998734,2070.01259167935,-0.709569711596665,1217.79895671372,609.81178175879,2483.69272554468,-1.55163241661155,3998.35122553963,2352.10379079353,2813.53700072204
"VIIRS",2019,12,0.428576314156741,31,0.016455394300375,2019-12-01,1.10191066062911,1101.68525173786,358.714679788003,3803.02417755166,36.4695405610854,31,-2.44929359829471e-16,1,335,7.9151266255989,1.05105528116364,-165.336151308501,-132.558791318597,1761.66370989203,-0.687573221951572,1245.01178447976,586.731902706473,4111.37305933898,-0.0984107576397083,3564.49599293134,1555.25836425326,3466.02998747844
"VIIRS",2020,1,0.40564839606179,31,0.0135941903186867,2020-01-01,2.28064313703134,1016.183379533,66.8403093481702,3606.25606127054,70.8000340917368,31,0.5,0.866025403784439,1,8,2.22978775756587,-250.838023513358,-424.433161758429,1564.89559361091,1.10191066062911,1101.68525173786,358.714679788003,3803.02417755166,0.898326858569627,3362.88041575062,1012.28689184265,3840.21776605373
"VIIRS",2020,2,0.350012345771504,29,0.014800073708576,2020-02-01,2.53432651645203,1357.31083215833,27.1295829937918,2689.88247667321,73.4954689771088,29,0.866025403784439,0.5,32,8.0848733744011,2.48347113698655,90.2894291119737,-464.143888112808,648.52200901358,2.28064313703134,1016.183379533,66.8403093481702,3606.25606127054,1.97229343803749,3475.17946342919,452.684572129964,3366.3875718318
"VIIRS",2020,3,0.334931617439757,31,0.055166670519994,2020-03-01,2.77219085317279,1027.29852109076,94.4664266129117,1382.69754094206,87.0900920590325,31,1,6.12323399573677e-17,61,8.16427104722793,2.72133547370731,-239.722881955602,-396.807044493688,-658.662926717569,2.53432651645203,1357.31083215833,27.1295829937918,2689.88247667321,2.52905350221872,3400.79273278209,188.436318954873,2559.61202629527
"VIIRS",2020,4,0.313800317547189,30,0.044730255441141,2020-04-01,1.19065236635109,1713.95046743501,378.753081063372,1012.16622949563,49.4308500341628,30,0.866025403784439,-0.5,92,8.24914442162902,1.13979698688562,446.929064388655,-112.520390043228,-1029.19423816399,2.77219085317279,1027.29852109076,94.4664266129117,1382.69754094206,2.1657232453253,4098.5598206841,500.349090670075,1694.91541570363
"VIIRS",2020,5,0.337284177895919,31,0.0329415012055343,2020-05-01,0.230181996909081,1440.06340209249,481.479299457377,619.320570250125,27.4988506597915,31,0.5,-0.866025403784439,122,8.33127994524298,0.179326617443607,173.041999046129,-9.79417164922302,-1422.0398974095,1.19065236635109,1713.95046743501,378.753081063372,1012.16622949563,1.39767507214432,4181.31239061825,954.698807133659,1004.72811356261
"VIIRS",2020,6,0.311815171144436,30,0.0565694024451356,2020-06-01,-1.66524559775316,1222.40597547074,841.084072409422,417.485407185785,5.52498283998856,30,1.22464679914735e-16,-1,153,8.41615331964408,-1.71610097721863,-44.6154275756144,349.810601302823,-1623.87506047384,0.230181996909081,1440.06340209249,481.479299457377,619.320570250125,-0.08147041149766,4376.41984499824,1701.31645293017,682.990735643848
"VIIRS",2020,7,0.30987213793249,31,0.0306385861098617,2020-07-01,-2.05715320195791,1621.82407427191,1218.040357869,546.062128741659,6.56341966302117,31,-0.5,-0.866025403784439,183,8.49828884325804,-2.10800858142339,354.802671225553,726.766886762399,-1495.29833891797,-1.66524559775316,1222.40597547074,841.084072409422,417.485407185785,-1.16407226760066,4284.29345183514,2540.6037297358,527.62270205919
"VIIRS",2020,8,0.368437452084595,31,0.0323243252650566,2020-08-01,-2.12308210310066,1340.8114083494,932.223301517296,1081.04957665826,0.533698867442748,31,-0.866025403784438,-0.5,214,8.58316221765914,-2.17393748256614,73.7900053030405,440.949830410697,-960.310891001368,-2.05715320195791,1621.82407427191,1218.040357869,546.062128741659,-1.94849363427058,4185.04145809205,2991.34773179572,681.532370861901
"VIIRS",2020,9,0.40579163050572,30,0.0227493742838952,2020-09-01,-2.44635048078367,1141.34869089945,715.571117662806,1735.87620017886,0.89838582086113,30,-1,-1.83697019872103e-16,245,8.66803559206023,-2.49720586024915,-125.672712146903,224.297646556206,-305.484267480771,-2.12308210310066,1340.8114083494,932.223301517296,1081.04957665826,-2.20886192861408,4103.98417352076,2865.8347770491,1120.99596852626
"VIIRS",2020,10,0.432337074523604,31,0.0157896566614424,2020-10-01,-1.22613340822784,1106.62054524779,596.145227918029,2785.10450587063,8.54043546284549,31,-0.866025403784439,0.5,275,8.7501711156742,-1.27698878769332,-160.400857798562,104.871756811429,743.744038211,-2.44635048078367,1141.34869089945,715.571117662806,1735.87620017886,-1.93185533070406,3588.78064449665,2243.93964709813,1867.34342756925
"VIIRS",2020,11,0.433323869358259,30,0.0748190438316015,2020-11-01,-0.609492201327405,977.843066275334,414.909334671343,3846.72520324131,15.0802537997027,30,-0.5,0.866025403784438,306,8.83504449007529,-0.66034758079288,-289.178336771023,-76.3641364352563,1805.36473558169,-1.22613340822784,1106.62054524779,596.145227918029,2785.10450587063,-1.42732536344631,3225.81230242258,1726.62568025218,2789.23530309693
"VIIRS",2020,12,0.377101924009632,31,0.0235327810659041,2020-12-01,1.45777094049175,1225.29736203436,103.47429102448,4055.80024153451,47.151967161258,31,-2.44929359829471e-16,1,336,8.91718001368925,1.40691556102628,-41.7240410120019,-387.799180082119,2014.43977387488,-0.609492201327405,977.843066275334,414.909334671343,3846.72520324131,-0.125951556354499,3309.76097355748,1114.52885361385,3562.54331688215
"VIIRS",2021,1,0.351420480821886,31,0.0179278546398181,2021-01-01,1.39173801698664,1289.94153117302,318.61396496017,4013.40624164052,45.7491152873015,31,0.5,0.866025403784439,1,9.00205338809035,1.34088263752117,22.9201281266633,-172.659506146429,1972.04577398089,1.45777094049175,1225.29736203436,103.47429102448,4055.80024153451,0.74667225205033,3493.08195948271,836.997590655993,3971.97722880545
"VIIRS",2021,2,0.355666114484967,28,0.00676095466064907,2021-02-01,2.4988936742376,1246.39942149202,35.372531201229,3042.97112382095,69.9690228786528,28,0.866025403784439,0.5,32,9.08692676249144,2.44803829477213,-20.6219815543343,-455.900939905371,1001.61065616132,1.39173801698664,1289.94153117302,318.61396496017,4013.40624164052,1.78280087723867,3761.6383146994,457.460787185879,3704.05920233199
"VIIRS",2021,3,0.400714275767141,31,0.0392623618004686,2021-03-01,0.633681697121233,1063.79005555465,212.053980746628,1879.17725021108,33.4343464303405,31,1,6.12323399573677e-17,60,9.16358658453114,0.582826317655759,-203.231347491708,-279.219490359971,-162.183217448548,2.4988936742376,1246.39942149202,35.372531201229,3042.97112382095,1.50810446278183,3600.13100821969,566.040476908027,2978.51820522418
"VIIRS",2021,4,0.297579939604906,30,0.0406176008596068,2021-04-01,0.911508588510054,1143.11374000934,149.153141721092,1158.52521731013,34.8841532982462,30,0.866025403784439,-0.5,91,9.24845995893224,0.86065320904458,-123.907663037019,-342.120329385507,-882.835250349497,0.633681697121233,1063.79005555465,212.053980746628,1879.17725021108,1.34802798662296,3453.30321705601,396.579653668949,2026.89119711405
"VIIRS",2021,5,0.304552682710261,31,0.0365765250186972,2021-05-01,0.128777169166239,931.075473474937,161.442507656894,670.847996177253,21.5197265606358,31,0.5,-0.866025403784439,121,9.3305954825462,0.077921789700765,-335.94592957142,-329.830963449706,-1370.51247148238,0.911508588510054,1143.11374000934,149.153141721092,1158.52521731013,0.557989151599176,3137.97926903892,522.649630124614,1236.18348789949
"VIIRS",2021,6,0.314401528485383,28,0.0673381122799076,2021-06-01,-0.683367399881125,1544.55366886214,554.615774008285,359.613097651491,14.436831138687,30,1.22464679914735e-16,-1,152,9.4154688569473,-0.734222779346599,277.532265815778,63.3423029016855,-1681.74737000814,0.128777169166239,931.075473474937,161.442507656894,670.847996177253,0.118972785931723,3618.74288234641,865.21142338627,729.662103712958
"VIIRS",2021,7,0.284110937644576,31,0.0214168794723676,2021-07-01,-1.11644165815044,1305.92033250893,766.700545364973,499.480739555739,11.680413017479,31,-0.5,-0.866025403784439,182,9.49760438056126,-1.16729703761592,38.8989294625749,275.427074258374,-1541.87972810389,-0.683367399881125,1544.55366886214,554.615774008285,359.613097651491,-0.557010629621775,3781.549474846,1482.75882703015,509.98061112816
"VIIRS",2021,8,0.346058413851062,31,0.0435155744938258,2021-08-01,-2.48396570384897,1558.22327281271,1117.71177000065,1032.85263997352,1.00712493482899,31,-0.866025403784438,-0.5,213,9.58247775496235,-2.53482108331444,291.201869766349,626.438298894049,-1008.50782768611,-1.11644165815044,1305.92033250893,766.700545364973,499.480739555739,-1.42792492062684,4408.69727418377,2439.02808937391,630.648825726916
"VIIRS",2021,9,0.371945798941628,30,0.0242217410257368,2021-09-01,-1.81399858939113,1332.61454738101,773.119298393694,1730.98779733344,7.35288805906893,30,-1,-1.83697019872103e-16,244,9.66735112936345,-1.8648539688566,65.5931443346485,281.845827287094,-310.372670326183,-2.48396570384897,1558.22327281271,1117.71177000065,1032.85263997352,-1.80480198379685,4196.75815270264,2657.53161375931,1087.7737256209
"VIIRS",2021,10,0.38598524797381,31,0.0189731076322273,2021-10-01,-1.6911499532629,1451.56777209552,992.568771312724,2929.13211704441,8.49323993535586,31,-0.866025403784439,0.5,274,9.74948665297741,-1.74200533272837,184.546369049165,501.295300206125,887.771649384781,-1.81399858939113,1332.61454738101,773.119298393694,1730.98779733344,-1.996371415501,4342.40559228923,2883.39983970707,1897.65751811712
"VIIRS",2021,11,0.376206111573768,30,0.0136529279560585,2021-11-01,0.40559082265577,1295.02368786513,369.874956397874,3374.58494323378,27.0517884531441,30,-0.5,0.866025403784438,305,9.83436002737851,0.354735443190296,28.0022848187748,-121.398514708726,1333.22447557415,-1.6911499532629,1451.56777209552,992.568771312724,2929.13211704441,-1.03318590666609,4079.20600734166,2135.56302610429,2678.23495253721
"VIIRS",2021,12,0.359163479283085,31,0.0234751777390359,2021-12-01,1.01905572508648,921.470128036167,177.255493631606,4134.70334539568,36.1006555320807,31,-2.44929359829471e-16,1,335,9.91649555099247,0.968200345621007,-345.55127501019,-314.017977474993,2093.34287773605,0.40559082265577,1295.02368786513,369.874956397874,3374.58494323378,-0.0888344685068823,3668.06158799682,1539.6992213422,3479.47346855796
"VIIRS",2022,1,0.383372769908781,31,0.0168920351652075,2022-01-01,1.27790910965424,931.169914137617,203.146873455151,3874.42544183704,42.1563557123727,31,0.5,0.866025403784439,1,10.0013689253936,1.22705373018876,-335.85148890874,-288.126597651449,1833.06497417741,1.01905572508648,921.470128036167,177.255493631606,4134.70334539568,0.900851885798829,3147.66373003891,750.27732348463,3794.57124348883
"VIIRS",2022,2,0.350895617157693,28,0.0201338810153961,2022-02-01,1.71522618467945,1477.16230011094,347.515168537965,2875.30698548922,48.6792135313908,28,0.866025403784439,0.5,32,10.0862422997947,1.66437080521397,210.140897064579,-143.758302568635,833.946517829595,1.27790910965424,931.169914137617,203.146873455151,3874.42544183704,1.33739700647339,3329.80234228472,727.917535624721,3628.14525757398
"VIIRS",2022,3,0.356684082213215,31,0.016476024419977,2022-03-01,1.3015797347173,1318.03121818493,312.325463468656,1624.17760249916,44.1153014064511,31,1,6.12323399573677e-17,60,10.1629021218344,1.25072435525183,51.0098151385737,-178.948007637944,-417.182865160465,1.71522618467945,1477.16230011094,347.515168537965,2875.30698548922,1.43157167635033,3726.36343243348,862.98750546177,2791.30334327514
"VIIRS",2022,4,0.280520727372331,30,0.0361686206173334,2022-04-01,1.25001535657711,1438.92222219378,162.447980946182,1138.82126058968,43.5116507679571,30,0.866025403784439,-0.5,91,10.2477754962355,1.19915997711163,171.900819147421,-328.825490160417,-902.539207069952,1.3015797347173,1318.03121818493,312.325463468656,1624.17760249916,1.42227375865795,4234.11574048964,822.288612952802,1879.43528285935
"VIIRS",2022,5,0.261773892763869,31,0.0177464751330609,2022-05-01,-0.133360552417689,1355.80380741547,500.06495161258,597.476603459506,28.1091779184293,31,0.5,-0.866025403784439,121,10.3299110198494,-0.184215931883163,88.7824043691096,8.79148050598076,-1443.88386420012,1.25001535657711,1438.92222219378,162.447980946182,1138.82126058968,0.806078179625573,4112.75724779417,974.838396027418,1120.15848884945
"VIIRS",2022,6,0.248627542159183,27,0.037205297122532,2022-06-01,-1.53685342974719,1470.89217820556,996.846604058986,424.353526508501,6.7446410894326,30,1.22464679914735e-16,-1,152,10.4147843942505,-1.58770880921267,203.870775159206,505.573132952387,-1617.00694115113,-0.133360552417689,1355.80380741547,500.06495161258,597.476603459506,-0.140066208529257,4265.61820781481,1659.35953661775,720.217130185894
"VIIRS",2022,7,0.30990984483415,31,0.0449362950426498,2022-07-01,-2.0185605893719,1347.86482634936,944.731358320016,492.067188315581,5.37345665066936,31,-0.5,-0.866025403784439,182,10.4969199178645,-2.06941596883737,80.8434233030025,453.457887213416,-1549.29327934405,-1.53685342974719,1470.89217820556,996.846604058986,424.353526508501,-1.22959152384559,4174.56081197039,2441.64291399158,504.632439427862
"VIIRS",2022,8,0.371424500117927,26,0.0451685582868812,2022-08-01,-1.65091308512352,1222.91706743293,824.225019213931,1065.25913593076,6.93531610474543,31,-0.866025403784438,-0.5,213,10.5817932922656,-1.70176846458899,-44.104335613431,332.951548107331,-976.101331728871,-2.0185605893719,1347.86482634936,944.731358320016,492.067188315581,-1.73544236808087,4041.67407198785,2765.80298159293,660.559950251612
"VIIRS",2022,9,0.38789352605666,30,0.0335448333015673,2022-09-01,-2.2148229762751,1156.62350047768,794.773679567337,1759.78048693855,2.86905784952922,30,-1,-1.83697019872103e-16,244,10.6666666666667,-2.26567835574057,-110.397902568677,303.500208460737,-281.579980721079,-1.65091308512352,1222.91706743293,824.225019213931,1065.25913593076,-1.9614322169235,3727.40539425997,2563.73005710128,1105.70227039496
"VIIRS",2022,10,0.4030037543151,31,0.0142630292667671,2022-10-01,-1.01914094025242,993.678090762339,486.647066489726,2992.96496299608,12.081505290937,31,-0.866025403784439,0.5,274,10.7488021902806,-1.06999631971789,-273.343312284018,-4.62640461687317,951.60449533645,-2.2148229762751,1156.62350047768,794.773679567337,1759.78048693855,-1.62829233388368,3373.21865867295,2105.64576527099,1939.33486195513
"VIIRS",2022,11,0.385838488648172,30,0.0123089895766127,2022-11-01,0.554618893273746,897.42064605781,230.342721330792,3862.43212101732,28.7654686335094,30,-0.5,0.866025403784438,305,10.8336755646817,0.503763513808272,-369.600756988546,-260.930749775807,1821.07165335769,-1.01914094025242,993.678090762339,486.647066489726,2992.96496299608,-0.893115007751257,3047.72223729783,1511.76346738785,2871.72585698398
"VIIRS",2022,12,0.356786929817847,31,0.0232479527308604,2022-12-01,1.56672672773092,1007.95416735512,179.724633134782,3669.54851792766,52.9733452701547,31,-2.44929359829471e-16,1,335,10.9158110882957,1.51587134826544,-259.067235691237,-311.548837971818,1628.18805026803,0.554618893273746,897.42064605781,230.342721330792,3862.43212101732,0.367401560250748,2899.05290417527,896.714420955299,3508.31520064702
"VIIRS",2023,1,0.344212071040389,31,0.0236166629077441,2023-01-01,2.49623372613442,1097.38258959517,10.5067645460848,3669.56744156127,77.7617335287493,31,0.5,0.866025403784439,1,11.0006844626968,2.44537834666895,-169.638813451191,-480.766706560515,1628.20697390164,1.56672672773092,1007.95416735512,179.724633134782,3669.54851792766,1.53919311571303,3002.7574030081,420.574119011657,3733.84936016875
"VIIRS",2023,2,0.338011470351255,28,0.0134656099256282,2023-02-01,2.43693321162146,1202.04511405201,36.7833193560421,3012.25822191828,68.234129925401,28,0.866025403784439,0.5,32,11.0855578370979,2.38607783215599,-64.9762889943461,-454.490151750558,970.897754258656,2.49623372613442,1097.38258959517,10.5067645460848,3669.56744156127,2.16663122182893,3307.3818710023,227.014717036907,3450.45806046907
"VIIRS",2023,3,0.319240063985285,31,0.0374111435450462,2023-03-01,3.35231652795557,1191.24445379778,16.2159912649411,1294.88420511986,103.921812366623,31,1,6.12323399573677e-17,60,11.1622176591376,3.3014611484901,-75.7769492485793,-475.057479841659,-746.476262539768,2.43693321162146,1202.04511405201,36.7833193560421,3012.25822191828,2.76182782190382,3490.67215744495,63.5060751670667,2658.90328953314
"VIIRS",2023,4,0.258718554902268,30,0.0179781404004317,2023-04-01,1.94930976139247,1099.33813650534,100.895741872867,1333.93640635094,61.4969945685739,30,0.866025403784439,-0.5,91,11.2470910335387,1.898454381927,-167.683266541014,-390.377729233733,-707.424061308687,3.35231652795557,1191.24445379778,16.2159912649411,1294.88420511986,2.5795198336565,3492.62770435513,153.895052493849,1880.35961112969
"VIIRS",2023,5,0.268329117941561,29,0.0155158180989829,2023-05-01,1.44790499026084,828.917456012213,88.477393416941,612.933990730234,49.729567609817,31,0.5,-0.866025403784439,121,11.3292265571526,1.39704961079537,-438.103947034144,-402.796077689659,-1428.42647692939,1.94930976139247,1099.33813650534,100.895741872867,1333.93640635094,2.24984375986963,3119.50004631533,205.589126554748,1080.58486740034
"VIIRS",2023,6,0.297418411701108,30,0.0242812806431134,2023-06-01,0.292663326628847,1024.22512631156,360.871367339041,350.49312324373,35.718483832744,30,1.22464679914735e-16,-1,152,11.4140999315537,0.241807947163373,-242.796276734793,-130.402103767558,-1690.8673444159,1.44790499026084,828.917456012213,88.477393416941,612.933990730234,1.22995935942739,2952.48071882912,550.244502628848,765.787840108301
"VIIRS",2023,7,0.270514154893098,30,0.0346888997614775,2023-07-01,-2.13047154593071,1227.52736391947,850.417176636911,582.997749669173,2.94998615628193,31,-0.5,-0.866025403784439,182,11.4962354551677,-2.18132692539619,-39.4940391268908,359.143705530312,-1458.36271799046,0.292663326628847,1024.22512631156,360.871367339041,350.49312324373,-0.129967743013674,3080.66994624324,1299.76593739289,515.474954547712
"VIIRS",2023,8,0.325675496720505,28,0.0268228502756582,2023-08-01,-1.45928484114922,1607.03386903861,917.462483222498,948.711138310719,11.9123370980848,31,-0.866025403784438,-0.5,213,11.5811088295688,-1.51014022061469,340.012465992253,426.189012115899,-1092.64932934891,-2.13047154593071,1227.52736391947,850.417176636911,582.997749669173,-1.09903102015036,3858.78635926964,2128.75102719845,627.400670407873
"VIIRS",2023,9,0.397286151743502,30,0.0249033130777939,2023-09-01,-2.60275216553574,1266.44119591175,1048.18062867761,1762.26950049057,4.64448785569876,30,-1,-1.83697019872103e-16,244,11.6659822039699,-2.65360754500121,-0.580207134606553,556.90715757101,-279.09096716906,-1.45928484114922,1607.03386903861,917.462483222498,948.711138310719,-2.06416951753855,4101.00242886983,2816.06028853702,1097.99279615682
"VIIRS",2023,10,0.391889067891503,28,0.0197017509524641,2023-10-01,-1.09415136119758,1270.34305367895,562.729723281787,2945.06207846398,10.92850664812,31,-0.866025403784439,0.5,274,11.7481177275838,-1.14500674066305,3.32165063259731,71.4562521751877,903.701610804355,-2.60275216553574,1266.44119591175,1048.18062867761,1762.26950049057,-1.71872945596084,4143.81811862931,2528.37283518189,1885.34757242176
"VIIRS",2023,11,0.368662013521659,23,0.0136474831184595,2023-11-01,0.405063831441175,1404.33592875685,549.271185959079,3693.99061207681,24.3461003221268,30,-0.5,0.866025403784438,305,11.8329911019849,0.354208451975701,137.314525710492,57.9977148524795,1652.63014441718,-1.09415136119758,1270.34305367895,562.729723281787,2945.06207846398,-1.09727989843071,3941.12017834755,2160.18153791847,2800.44073034379
"VIIRS",2023,12,0.402587874812708,29,0.0289635420590651,2023-12-01,1.78885629722082,929.123638471684,71.4813029192244,3878.50859571807,56.8918544193913,31,-2.44929359829471e-16,1,335,11.9151266255989,1.73800091775534,-337.897764574673,-419.792168187375,1837.14812805844,0.405063831441175,1404.33592875685,549.271185959079,3693.99061207681,0.366589589154806,3603.80262090749,1183.48221216009,3505.85376208628
"VIIRS",2024,1,0.348308738409106,27,0.0183331722234625,2024-01-01,1.84939541157542,1058.42652257615,49.7518204829839,3986.11857716561,57.7925503617502,31,0.5,0.866025403784439,1,12,1.79854003210995,-208.594880470211,-441.521650623616,1944.75810950598,1.78885629722082,929.123638471684,71.4813029192244,3878.50859571807,1.34777184674581,3391.88608980468,670.504309361286,3852.87259498683
"VIIRS",2024,2,0.300642570772105,26,0.0141576067482429,2024-02-01,2.92211076595869,1222.85541138904,37.5258585277564,2512.85541605523,84.741212212802,29,0.866025403784439,0.5,32,12.0848733744011,2.87125538649321,-44.1659916573183,-453.747612578843,471.494948395599,1.84939541157542,1058.42652257615,49.7518204829839,3986.11857716561,2.18678749158498,3210.40557243687,158.758981929963,3459.16086297963
"VIIRS",2024,3,0.316044388384317,24,0.0331173793512664,2024-03-01,1.71700502125549,1340.43230611011,114.409709418894,1697.92715845938,55.8714620185059,31,1,6.12323399573677e-17,61,12.1642710472279,1.66614964179001,73.4109030637483,-376.863761687706,-343.433309200253,2.92211076595869,1222.85541138904,37.5258585277564,2512.85541605523,2.1628370662632,3621.71424007529,201.687388429632,2732.3003838934
"VIIRS",2024,4,0.310625980304072,28,0.0128831511290177,2024-04-01,1.82785250820681,1287.70350744841,132.171117627568,1109.64348090933,61.3014380752024,30,0.866025403784439,-0.5,92,12.249144421629,1.77699712874134,20.6821044020537,-359.102353479032,-931.716986750302,1.71700502125549,1340.43230611011,114.409709418894,1697.92715845938,2.15565609847366,3850.99122494756,284.106685574216,1773.47535180798
"VIIRS",2024,5,0.266633870758466,28,0.0623109014404405,2024-05-01,-0.426828445311834,1476.81293711277,501.984077046802,628.099958120877,17.1163556803762,31,0.5,-0.866025403784439,122,12.331279945243,-0.477683824777308,209.791534066408,10.7106059402028,-1413.26050953875,1.82785250820681,1287.70350744841,132.171117627568,1109.64348090933,1.03934302805016,4104.94875067128,748.564904093262,1145.22353249653
